code,system
44819943,ICD9CM
44828023,ICD9CM
44828023,ICD9CM
44819943,ICD9CM
44819943,ICD9CM
44828023,ICD9CM
44828023,ICD9CM
44819943,ICD9CM
44821103,ICD9CM
44821103,ICD9CM
44821103,ICD9CM
44821103,ICD9CM
44822181,ICD9CM
44822181,ICD9CM
44822181,ICD9CM
44822181,ICD9CM
44826855,ICD9CM
44826855,ICD9CM
44826855,ICD9CM
44826855,ICD9CM
44826856,ICD9CM
44826856,ICD9CM
44826856,ICD9CM
44826856,ICD9CM
44833806,ICD9CM
44833806,ICD9CM
44833806,ICD9CM
44833806,ICD9CM
44834964,ICD9CM
44834964,ICD9CM
44834964,ICD9CM
44834964,ICD9CM
44834965,ICD9CM
44834965,ICD9CM
44834965,ICD9CM
44834965,ICD9CM
44836160,ICD9CM
44836160,ICD9CM
44836160,ICD9CM
44836160,ICD9CM
37395567,ICD9CM
37395567,ICD9CM
37395567,ICD9CM
37395567,ICD9CM
4035429,ICD9CM
4035429,ICD9CM
4035429,ICD9CM
4035429,ICD9CM
4079729,ICD9CM
4079729,ICD9CM
4079729,ICD9CM
4079729,ICD9CM
4122761,ICD9CM
4122761,ICD9CM
4122761,ICD9CM
4122761,ICD9CM
4126944,ICD9CM
4126944,ICD9CM
4126944,ICD9CM
4126944,ICD9CM
4128400,ICD9CM
4128400,ICD9CM
4128400,ICD9CM
4128400,ICD9CM
4190651,ICD9CM
4190651,ICD9CM
4190651,ICD9CM
4190651,ICD9CM
4221664,ICD9CM
4221664,ICD9CM
4221664,ICD9CM
4221664,ICD9CM
4223486,ICD9CM
4223486,ICD9CM
4223486,ICD9CM
4223486,ICD9CM
4301037,ICD9CM
4301037,ICD9CM
4301037,ICD9CM
4301037,ICD9CM